## 多表联合查询
### 内连接
隐式语法：select 表1.字段 [as 别名],表n.字段 from 表1 [别名],表n where 条件;
```
select boy.hid,boy.bname,girl.gname from boy,girl where boy.hid=girl.hid;
```
显示语法: select 表1.字段 [as 别名],表n.字段 from 表1
inner join 表n on 条件
```
select boy.hid,boy.bname,girl.gname from boy inner join girl on boy.hid=girl.hid;
```
### 外链接
左外链接
```
select * from boy left join girl on boy.hid=girl.hid;
```
右外链接
```
select * from boy right join girl on boy.hid=girl.hid;
```



```
两个表要链接两次，给一张表起两个别名和另一张表链接
select m.hid,t1.tname as hname,m.mres,m.gid,t2.tname as gname,m.matime from m inner join t as t1 on t1.tid=m.hid inner join t as t2 on t2.tid=m.gid;
```



### union查询
> 注意，union查询要保证查询结果集的列数一致(列数不一致会报错)

```
select 语句1 union select 语句2
//会将重复的结果行合并
```
```
select 语句1 union all select 语句2
//会输出重复的结果行
```


---

# DDL
## 创建表
```
语法： create table 表名 (
列1 列类型 [列属性 默认值],
列2 列类型 [列属性 默认值],
列3 列类型 [列属性 默认值]
) engine=InnoDB default charset=utf8;
```
engine(存储引擎)  charset(字符集)

```
create table tmp(
    -> id int primary key auto_increment,
    -> name char(4) not null default ''
    -> );
```
## 列类型
### 数值型
#### 整型
![QQ图片20181010170218](31146F0A3DC24069830D826F8A8268EE)

```
mysql> create table num1(
    -> id tinyint unsigned,
    -> no smallint zerofill);
Query OK, 0 rows affected (0.28 sec)

mysql> desc num1;
+-------+-------------------------------+------+-----+---------+-------+
| Field | Type                          | Null | Key | Default | Extra |
+-------+-------------------------------+------+-----+---------+-------+
| id    | tinyint(3) unsigned           | YES  |     | NULL    |       |
| no    | smallint(5) unsigned zerofill | YES  |     | NULL    |       |
+-------+-------------------------------+------+-----+---------+-------+
2 rows in set (0.01 sec)

mysql> insert into num1 value(999,3),(-123,777);
Query OK, 2 rows affected, 2 warnings (0.13 sec)
Records: 2  Duplicates: 0  Warnings: 2

mysql> select * from num1;
+------+-------+
| id   | no    |
+------+-------+
|  255 | 00003 |
|    0 | 00777 |
+------+-------+
2 rows in set (0.00 sec)
```
zerofill 零填充

unsigned 无符号

#### 浮点型
float(M,D)
```
mysql> create table num2(
    -> money float(6,2)
    -> );
Query OK, 0 rows affected (0.28 sec)

mysql> insert into num2 value(999.77777);
Query OK, 1 row affected (0.05 sec)

mysql> select * from num2;
+--------+
| money  |
+--------+
| 999.78 |
+--------+
1 row in set (0.00 sec)
```
#### 定点型
decimal(M,D)

```
mysql> create table num3(money decimal(8,2));
Query OK, 0 rows affected (0.21 sec)

mysql> insert into num3 value(999.77777777);
Query OK, 1 row affected, 1 warning (0.08 sec)

mysql> select * from num3;
+--------+
| money  |
+--------+
| 999.78 |
+--------+
1 row in set (0.00 sec)
```

> M是小数总长度 D是小数点后的位数

> 注意：
float存在精度不精确的问题
decimal定点型可以精确的存储小数

### 字符型

* GBK 1汉字2字节
* utf8 1汉字3字节
* char 定长存储内容 char(M) M最大255，必须写长度，限制的是字符，不是字节
```
mysql> create table str1(
    -> name char(4) );
Query OK, 0 rows affected (0.34 sec)

mysql> insert into str1 value('tooooooony');
Query OK, 1 row affected, 1 warning (0.08 sec)

mysql> select * from str1;
+------+
| name |
+------+
| tooo |
+------+
1 row in set (0.00 sec)
```
* varchar 变长存储内容 varchar(M) M最大65535 

```
mysql> create table str2(
    -> name varchar(6));
Query OK, 0 rows affected (0.25 sec)

mysql> insert into str2 value('123456789');
Query OK, 1 row affected, 1 warning (0.08 sec)

mysql> select * from str2;
+--------+
| name   |
+--------+
| 123456 |
+--------+
1 row in set (0.00 sec)
```


![QQ图片20181010184346](DF554E6A5EFB492C9FAD6D86F0104E04)


![QQ图片20181010184352](E28ABAC6F8C74BE8952E86A8D44EDCB9)


![QQ图片20181010184724](B861AB5A596F4E22B6A8FBD6D4A5BED1)


![QQ图片20181010184731](CC44038961224981B4F520BC9FDB03A8)


![QQ图片20181010184738](4049CD5E99DC40C2BB25807AC4639DBE)